TaskID,Subject,Modality,TaskName,Muscle,MeanActivation
3,GUEA_ses1,Baseline,Rest,Bicep,3.11638331497256e-06
3,GUEA_ses1,Baseline,Rest,Tricep,1.55559523518072e-06
3,GUEA_ses1,Baseline,Rest,DeltAnt,1.10121139995164e-05
3,GUEA_ses1,Baseline,Rest,DeltPost,2.98460441330088e-06
4,GUEA_ses1,Baseline,Shoulder_Flexion,Bicep,4.62010817365802e-05
4,GUEA_ses1,Baseline,Shoulder_Flexion,Tricep,2.40448911143464e-05
4,GUEA_ses1,Baseline,Shoulder_Flexion,DeltAnt,0.00345081571689426
4,GUEA_ses1,Baseline,Shoulder_Flexion,DeltPost,4.38253668438081e-05
5,GUEA_ses1,Baseline,Elbow_Flexion,Bicep,8.0325827862842e-05
5,GUEA_ses1,Baseline,Elbow_Flexion,Tricep,1.30359975079704e-05
5,GUEA_ses1,Baseline,Elbow_Flexion,DeltAnt,0.000739409958697362
5,GUEA_ses1,Baseline,Elbow_Flexion,DeltPost,2.78575282383635e-06
6,GUEA_ses1,Baseline,Pointing_Task,Bicep,1.13713927287682e-05
6,GUEA_ses1,Baseline,Pointing_Task,Tricep,0.00018155251990723
6,GUEA_ses1,Baseline,Pointing_Task,DeltAnt,0.000103718101189702
6,GUEA_ses1,Baseline,Pointing_Task,DeltPost,0.000335009604031041
7,GUEA_ses1,Baseline,HFT_Large_Light_Objects,Bicep,3.08747275079546e-05
7,GUEA_ses1,Baseline,HFT_Large_Light_Objects,Tricep,4.18579283985485e-05
7,GUEA_ses1,Baseline,HFT_Large_Light_Objects,DeltAnt,0.00134193844762851
7,GUEA_ses1,Baseline,HFT_Large_Light_Objects,DeltPost,0.000112976125709387
8,GUEA_ses1,Baseline,Switch_Joystick_and_Grid_Game,Bicep,4.41081069396894e-06
8,GUEA_ses1,Baseline,Switch_Joystick_and_Grid_Game,Tricep,0.00016046025567127
8,GUEA_ses1,Baseline,Switch_Joystick_and_Grid_Game,DeltAnt,2.06521238127083e-05
8,GUEA_ses1,Baseline,Switch_Joystick_and_Grid_Game,DeltPost,0.000834982925825389
10,GUEA_ses1,Baseline,HFT_Feeding_task,Bicep,0.000146089216251013
10,GUEA_ses1,Baseline,HFT_Feeding_task,Tricep,0.00034708328984042
10,GUEA_ses1,Baseline,HFT_Feeding_task,DeltAnt,0.00086296230819253
10,GUEA_ses1,Baseline,HFT_Feeding_task,DeltPost,0.000308841869865075
11,GUEA_ses1,Baseline,Box_and_Blocs_Test,Bicep,6.77793652212877e-05
11,GUEA_ses1,Baseline,Box_and_Blocs_Test,Tricep,0.000243598090412351
11,GUEA_ses1,Baseline,Box_and_Blocs_Test,DeltAnt,0.00037559593239385
11,GUEA_ses1,Baseline,Box_and_Blocs_Test,DeltPost,0.000818639885089173
9,GUEA_ses1,Baseline,JAMAR_Palmar_Grip,Bicep,0.000240324953489778
9,GUEA_ses1,Baseline,JAMAR_Palmar_Grip,Tricep,0.000325990016786982
9,GUEA_ses1,Baseline,JAMAR_Palmar_Grip,DeltAnt,0.000197889566325993
9,GUEA_ses1,Baseline,JAMAR_Palmar_Grip,DeltPost,9.36695394634836e-05
13,GUEA_ses1,Device,Rest,Bicep,3.63925062867066e-06
13,GUEA_ses1,Device,Rest,Tricep,1.31968755317473e-05
13,GUEA_ses1,Device,Rest,DeltAnt,1.12660026754673e-05
13,GUEA_ses1,Device,Rest,DeltPost,2.16007930172362e-05
14,GUEA_ses1,Device,Shoulder_Flexion,Bicep,8.29597758551836e-05
14,GUEA_ses1,Device,Shoulder_Flexion,Tricep,6.75281933758033e-05
14,GUEA_ses1,Device,Shoulder_Flexion,DeltAnt,0.00479114058057688
14,GUEA_ses1,Device,Shoulder_Flexion,DeltPost,0.000269150985589577
15,GUEA_ses1,Device,Elbow_Flexion,Bicep,0.000209538876509361
15,GUEA_ses1,Device,Elbow_Flexion,Tricep,0.000134008218037154
15,GUEA_ses1,Device,Elbow_Flexion,DeltAnt,0.00182295623739167
15,GUEA_ses1,Device,Elbow_Flexion,DeltPost,5.64816412979593e-05
17,GUEA_ses1,Baseline,Pointing_Task,Bicep,9.65243194188357e-06
17,GUEA_ses1,Baseline,Pointing_Task,Tricep,1.52355827485566e-05
17,GUEA_ses1,Baseline,Pointing_Task,DeltAnt,8.76750582534624e-05
17,GUEA_ses1,Baseline,Pointing_Task,DeltPost,0.000476885353498605
18,GUEA_ses1,Baseline,HFT_Large_Light_Objects,Bicep,6.48321756794384e-05
18,GUEA_ses1,Baseline,HFT_Large_Light_Objects,Tricep,4.41881455765495e-05
18,GUEA_ses1,Baseline,HFT_Large_Light_Objects,DeltAnt,0.00155920602240752
18,GUEA_ses1,Baseline,HFT_Large_Light_Objects,DeltPost,6.35668145129601e-05
19,GUEA_ses1,Baseline,Switch_Joystick_and_Grid_Game,Bicep,7.08305268743149e-06
19,GUEA_ses1,Baseline,Switch_Joystick_and_Grid_Game,Tricep,6.70564591372878e-05
19,GUEA_ses1,Baseline,Switch_Joystick_and_Grid_Game,DeltAnt,2.38926893388476e-05
19,GUEA_ses1,Baseline,Switch_Joystick_and_Grid_Game,DeltPost,0.000306439895996909
20,GUEA_ses1,Baseline,JAMAR_Palmar_Grip,Bicep,0.000494639260843164
20,GUEA_ses1,Baseline,JAMAR_Palmar_Grip,Tricep,0.000381414673214959
20,GUEA_ses1,Baseline,JAMAR_Palmar_Grip,DeltAnt,0.000158000565787959
20,GUEA_ses1,Baseline,JAMAR_Palmar_Grip,DeltPost,0.000193564584556725
21,GUEA_ses1,Baseline,HFT_Feeding_task,Bicep,0.000239770689481834
21,GUEA_ses1,Baseline,HFT_Feeding_task,Tricep,0.000263012260998215
21,GUEA_ses1,Baseline,HFT_Feeding_task,DeltAnt,0.000410818947405241
21,GUEA_ses1,Baseline,HFT_Feeding_task,DeltPost,0.000215250736196906
22,GUEA_ses1,Baseline,Box_and_Blocs_Test,Bicep,0.00023588353962253
22,GUEA_ses1,Baseline,Box_and_Blocs_Test,Tricep,0.00023485607221033
22,GUEA_ses1,Baseline,Box_and_Blocs_Test,DeltAnt,0.000552085205577854
22,GUEA_ses1,Baseline,Box_and_Blocs_Test,DeltPost,0.000569653917236224
24,GUEA_ses1,Device,Rest,Bicep,6.23021518773567e-06
24,GUEA_ses1,Device,Rest,Tricep,6.9051292636391e-06
24,GUEA_ses1,Device,Rest,DeltAnt,2.38669774533923e-06
24,GUEA_ses1,Device,Rest,DeltPost,1.34236560848205e-06
25,GUEA_ses1,Device,Shoulder_Flexion,Bicep,0.000105411783835516
25,GUEA_ses1,Device,Shoulder_Flexion,Tricep,0.000101514211195892
25,GUEA_ses1,Device,Shoulder_Flexion,DeltAnt,0.00461393759058184
25,GUEA_ses1,Device,Shoulder_Flexion,DeltPost,0.00032404220471164
26,GUEA_ses1,Device,Elbow_Flexion,Bicep,0.000612100809265031
26,GUEA_ses1,Device,Elbow_Flexion,Tricep,0.000190074502356207
26,GUEA_ses1,Device,Elbow_Flexion,DeltAnt,0.00181272466789771
26,GUEA_ses1,Device,Elbow_Flexion,DeltPost,3.90332399255369e-06
27,GUEA_ses1,Device,Pointing_Task,Bicep,3.22505139411142e-05
27,GUEA_ses1,Device,Pointing_Task,Tricep,0.000148530577913136
27,GUEA_ses1,Device,Pointing_Task,DeltAnt,0.000673855866071499
27,GUEA_ses1,Device,Pointing_Task,DeltPost,3.59194051513814e-05
28,GUEA_ses1,Device,HFT_Large_Light_Objects,Bicep,0.000564511865767089
28,GUEA_ses1,Device,HFT_Large_Light_Objects,Tricep,0.000271408403920526
28,GUEA_ses1,Device,HFT_Large_Light_Objects,DeltAnt,0.000260955319134994
28,GUEA_ses1,Device,HFT_Large_Light_Objects,DeltPost,9.59638501153176e-05
29,GUEA_ses1,Device,Switch_Joystick_and_Grid_Game,Bicep,3.41998614969025e-05
29,GUEA_ses1,Device,Switch_Joystick_and_Grid_Game,Tricep,0.000130188569300277
29,GUEA_ses1,Device,Switch_Joystick_and_Grid_Game,DeltAnt,1.27456464856197e-06
29,GUEA_ses1,Device,Switch_Joystick_and_Grid_Game,DeltPost,0.000585957062787374
31,GUEA_ses1,Baseline,JAMAR_Palmar_Grip,Bicep,0.000288416684102255
31,GUEA_ses1,Baseline,JAMAR_Palmar_Grip,Tricep,1.1367286564825e-05
31,GUEA_ses1,Baseline,JAMAR_Palmar_Grip,DeltAnt,1.11654965168917e-05
31,GUEA_ses1,Baseline,JAMAR_Palmar_Grip,DeltPost,2.36250399638598e-05
32,GUEA_ses1,Baseline,HFT_Feeding_task,Bicep,0.000345833715560248
32,GUEA_ses1,Baseline,HFT_Feeding_task,Tricep,0.000170691591577467
32,GUEA_ses1,Baseline,HFT_Feeding_task,DeltAnt,0.00109948539704653
32,GUEA_ses1,Baseline,HFT_Feeding_task,DeltPost,0.000148078444897137
33,GUEA_ses1,Baseline,Box_and_Blocs_Test,Bicep,0.000233665500717535
33,GUEA_ses1,Baseline,Box_and_Blocs_Test,Tricep,0.000412631045736044
33,GUEA_ses1,Baseline,Box_and_Blocs_Test,DeltAnt,0.000564629033054211
33,GUEA_ses1,Baseline,Box_and_Blocs_Test,DeltPost,0.000956172939033559
35,GUEA_ses1,Device,Rest,Bicep,3.96277829442371e-06
35,GUEA_ses1,Device,Rest,Tricep,6.85171895937246e-07
35,GUEA_ses1,Device,Rest,DeltAnt,7.20903420515217e-06
35,GUEA_ses1,Device,Rest,DeltPost,1.22166211405496e-05
36,GUEA_ses1,Device,Shoulder_Flexion,Bicep,0.000161962797184647
36,GUEA_ses1,Device,Shoulder_Flexion,Tricep,9.39268816985786e-05
36,GUEA_ses1,Device,Shoulder_Flexion,DeltAnt,0.00520213781927233
36,GUEA_ses1,Device,Shoulder_Flexion,DeltPost,0.000127230358322305
37,GUEA_ses1,Device,Elbow_Flexion,Bicep,0.000358366824850736
37,GUEA_ses1,Device,Elbow_Flexion,Tricep,9.41883581681401e-05
37,GUEA_ses1,Device,Elbow_Flexion,DeltAnt,0.00241788357282786
37,GUEA_ses1,Device,Elbow_Flexion,DeltPost,7.13345571355576e-06
38,GUEA_ses1,Device,Pointing_Task,Bicep,7.20347873469539e-05
38,GUEA_ses1,Device,Pointing_Task,Tricep,0.000181610163215043
38,GUEA_ses1,Device,Pointing_Task,DeltAnt,0.000957400175731667
38,GUEA_ses1,Device,Pointing_Task,DeltPost,7.80866264822713e-05
39,GUEA_ses1,Device,HFT_Large_Light_Objects,Bicep,0.000452998214111117
39,GUEA_ses1,Device,HFT_Large_Light_Objects,Tricep,0.000223189327669128
39,GUEA_ses1,Device,HFT_Large_Light_Objects,DeltAnt,0.00294396138955394
39,GUEA_ses1,Device,HFT_Large_Light_Objects,DeltPost,0.000195454115810271
40,GUEA_ses1,Device,Switch_Joystick_and_Grid_Game,Bicep,0.000160717371673411
40,GUEA_ses1,Device,Switch_Joystick_and_Grid_Game,Tricep,4.6499949303934e-05
40,GUEA_ses1,Device,Switch_Joystick_and_Grid_Game,DeltAnt,4.43627849275385e-06
40,GUEA_ses1,Device,Switch_Joystick_and_Grid_Game,DeltPost,0.000698463576522864
41,GUEA_ses1,Device,JAMAR_Palmar_Grip,Bicep,0.000378024615901544
41,GUEA_ses1,Device,JAMAR_Palmar_Grip,Tricep,0.000703807666227973
41,GUEA_ses1,Device,JAMAR_Palmar_Grip,DeltAnt,0.000309192401359227
41,GUEA_ses1,Device,JAMAR_Palmar_Grip,DeltPost,3.73087304137917e-05
41bis,GUEA_ses1,Device,JAMAR_Palmar_Grip_(BIS),Bicep,0.0012441385807176
41bis,GUEA_ses1,Device,JAMAR_Palmar_Grip_(BIS),Tricep,0.0013911154781361
41bis,GUEA_ses1,Device,JAMAR_Palmar_Grip_(BIS),DeltAnt,0.000524073713063193
41bis,GUEA_ses1,Device,JAMAR_Palmar_Grip_(BIS),DeltPost,0.000317241119831703
42,GUEA_ses1,Device,HFT_Feeding_task,Bicep,0.000605422118161594
42,GUEA_ses1,Device,HFT_Feeding_task,Tricep,0.00039435535333464
42,GUEA_ses1,Device,HFT_Feeding_task,DeltAnt,0.00142081057142196
42,GUEA_ses1,Device,HFT_Feeding_task,DeltPost,0.000135698484458176
43,GUEA_ses1,Device,Box_and_Blocs_Test,Bicep,0.000447252142563581
43,GUEA_ses1,Device,Box_and_Blocs_Test,Tricep,0.000370968360896424
43,GUEA_ses1,Device,Box_and_Blocs_Test,DeltAnt,0.000993066254384715
43,GUEA_ses1,Device,Box_and_Blocs_Test,DeltPost,0.000383941025809735
44,GUEA_ses1,Device,JAMAR_Palmar_Grip_(Maintained_force),Bicep,0.000420572328269834
44,GUEA_ses1,Device,JAMAR_Palmar_Grip_(Maintained_force),Tricep,0.000940922842987609
44,GUEA_ses1,Device,JAMAR_Palmar_Grip_(Maintained_force),DeltAnt,0.000248871817190981
44,GUEA_ses1,Device,JAMAR_Palmar_Grip_(Maintained_force),DeltPost,0.000369928488547385
3,RABA_ses1,Baseline,Rest,Bicep,3.08129434402147e-06
3,RABA_ses1,Baseline,Rest,Tricep,1.85695410359429e-05
3,RABA_ses1,Baseline,Rest,DeltAnt,2.34095269836813e-06
3,RABA_ses1,Baseline,Rest,DeltPost,8.00831505996018e-06
4,RABA_ses1,Baseline,Shoulder_Flexion,Bicep,0.000125591208173019
4,RABA_ses1,Baseline,Shoulder_Flexion,Tricep,4.93830429813329e-05
4,RABA_ses1,Baseline,Shoulder_Flexion,DeltAnt,0.0027887070856235
4,RABA_ses1,Baseline,Shoulder_Flexion,DeltPost,0.00026949514035428
5,RABA_ses1,Baseline,Elbow_Flexion,Bicep,0.00064880163181504
5,RABA_ses1,Baseline,Elbow_Flexion,Tricep,1.63163229665542e-05
5,RABA_ses1,Baseline,Elbow_Flexion,DeltAnt,0.0011848891585739
5,RABA_ses1,Baseline,Elbow_Flexion,DeltPost,3.84267952825094e-06
6,RABA_ses1,Baseline,Pointing_Task,Bicep,2.67191917031702e-05
6,RABA_ses1,Baseline,Pointing_Task,Tricep,6.29180090113277e-06
6,RABA_ses1,Baseline,Pointing_Task,DeltAnt,7.6762435431901e-05
6,RABA_ses1,Baseline,Pointing_Task,DeltPost,0.000253467613877444
7,RABA_ses1,Baseline,HFT_Large_Light_Objects,Bicep,0.000650080822194377
7,RABA_ses1,Baseline,HFT_Large_Light_Objects,Tricep,0.000174546257319191
7,RABA_ses1,Baseline,HFT_Large_Light_Objects,DeltAnt,0.00239798915576036
7,RABA_ses1,Baseline,HFT_Large_Light_Objects,DeltPost,0.000280870278449461
8,RABA_ses1,Baseline,Switch_Joystick_and_Grid_Game,Bicep,2.33746005838695e-05
8,RABA_ses1,Baseline,Switch_Joystick_and_Grid_Game,Tricep,5.35467309176255e-05
8,RABA_ses1,Baseline,Switch_Joystick_and_Grid_Game,DeltAnt,2.17446902400031e-05
8,RABA_ses1,Baseline,Switch_Joystick_and_Grid_Game,DeltPost,0.000530055110709113
10,RABA_ses1,Baseline,HFT_Feeding_task,Bicep,0.00097264886601023
10,RABA_ses1,Baseline,HFT_Feeding_task,Tricep,5.46373551914649e-05
10,RABA_ses1,Baseline,HFT_Feeding_task,DeltAnt,0.00172740791651449
10,RABA_ses1,Baseline,HFT_Feeding_task,DeltPost,0.00025179386880385
11,RABA_ses1,Baseline,Box_and_Blocs_Test,Bicep,0.000801000860742387
11,RABA_ses1,Baseline,Box_and_Blocs_Test,Tricep,8.2910103381901e-05
11,RABA_ses1,Baseline,Box_and_Blocs_Test,DeltAnt,0.000669425961832587
11,RABA_ses1,Baseline,Box_and_Blocs_Test,DeltPost,0.000367395677113271
9,RABA_ses1,Baseline,JAMAR_Palmar_Grip,Bicep,0.000345996447962409
9,RABA_ses1,Baseline,JAMAR_Palmar_Grip,Tricep,0.000193841381326096
9,RABA_ses1,Baseline,JAMAR_Palmar_Grip,DeltAnt,0.000151940984841402
9,RABA_ses1,Baseline,JAMAR_Palmar_Grip,DeltPost,0.000373207168475192
13,RABA_ses1,Device,Rest,Bicep,2.11218844608396e-07
13,RABA_ses1,Device,Rest,Tricep,3.52326459264228e-06
13,RABA_ses1,Device,Rest,DeltAnt,4.82049288165462e-06
13,RABA_ses1,Device,Rest,DeltPost,5.74742817618085e-07
14,RABA_ses1,Device,Shoulder_Flexion,Bicep,0.000132720198914781
14,RABA_ses1,Device,Shoulder_Flexion,Tricep,0.000141893589218776
14,RABA_ses1,Device,Shoulder_Flexion,DeltAnt,9.08090774554953e-05
14,RABA_ses1,Device,Shoulder_Flexion,DeltPost,0.000105485687285233
15,RABA_ses1,Device,Elbow_Flexion,Bicep,0.000391720937805696
15,RABA_ses1,Device,Elbow_Flexion,Tricep,5.34115214831697e-06
15,RABA_ses1,Device,Elbow_Flexion,DeltAnt,0.000138623848484546
15,RABA_ses1,Device,Elbow_Flexion,DeltPost,7.05367115428307e-06
17,RABA_ses1,Baseline,Pointing_Task,Bicep,7.67192781918626e-05
17,RABA_ses1,Baseline,Pointing_Task,Tricep,4.49601138519538e-05
17,RABA_ses1,Baseline,Pointing_Task,DeltAnt,0.000365727814542979
17,RABA_ses1,Baseline,Pointing_Task,DeltPost,0.000209494120010142
18,RABA_ses1,Baseline,HFT_Large_Light_Objects,Bicep,0.000844458861475705
18,RABA_ses1,Baseline,HFT_Large_Light_Objects,Tricep,8.49549406566491e-05
18,RABA_ses1,Baseline,HFT_Large_Light_Objects,DeltAnt,0.00170704310745937
18,RABA_ses1,Baseline,HFT_Large_Light_Objects,DeltPost,7.7714684671381e-05
19,RABA_ses1,Baseline,Switch_Joystick_and_Grid_Game,Bicep,0.000227589735010361
19,RABA_ses1,Baseline,Switch_Joystick_and_Grid_Game,Tricep,0.000129639717094591
19,RABA_ses1,Baseline,Switch_Joystick_and_Grid_Game,DeltAnt,4.52405278366001e-05
19,RABA_ses1,Baseline,Switch_Joystick_and_Grid_Game,DeltPost,0.00133413813744454
20,RABA_ses1,Baseline,JAMAR_Palmar_Grip,Bicep,0.000570608591050386
20,RABA_ses1,Baseline,JAMAR_Palmar_Grip,Tricep,0.000418214522621401
20,RABA_ses1,Baseline,JAMAR_Palmar_Grip,DeltAnt,0.000147161739702566
20,RABA_ses1,Baseline,JAMAR_Palmar_Grip,DeltPost,0.00064476674807529
21,RABA_ses1,Baseline,HFT_Feeding_task,Bicep,0.000941117225510187
21,RABA_ses1,Baseline,HFT_Feeding_task,Tricep,6.48248801976933e-05
21,RABA_ses1,Baseline,HFT_Feeding_task,DeltAnt,0.00106728671028742
21,RABA_ses1,Baseline,HFT_Feeding_task,DeltPost,0.000378979589208686
22,RABA_ses1,Baseline,Box_and_Blocs_Test,Bicep,0.000721879156113379
22,RABA_ses1,Baseline,Box_and_Blocs_Test,Tricep,0.000156613390650633
22,RABA_ses1,Baseline,Box_and_Blocs_Test,DeltAnt,0.000525059856225807
22,RABA_ses1,Baseline,Box_and_Blocs_Test,DeltPost,0.00141649643729191
24,RABA_ses1,Device,Rest,Bicep,1.37589282454188e-05
24,RABA_ses1,Device,Rest,Tricep,5.98768078844504e-06
24,RABA_ses1,Device,Rest,DeltAnt,3.30616342768816e-06
24,RABA_ses1,Device,Rest,DeltPost,6.97333415459125e-06
25,RABA_ses1,Device,Shoulder_Flexion,Bicep,0.000508212976578556
25,RABA_ses1,Device,Shoulder_Flexion,Tricep,0.00017202132501924
25,RABA_ses1,Device,Shoulder_Flexion,DeltAnt,0.00312524800423987
25,RABA_ses1,Device,Shoulder_Flexion,DeltPost,0.000838046206164628
26,RABA_ses1,Device,Elbow_Flexion,Bicep,0.000521645861717912
26,RABA_ses1,Device,Elbow_Flexion,Tricep,3.74088544652631e-05
26,RABA_ses1,Device,Elbow_Flexion,DeltAnt,0.0012952752070455
26,RABA_ses1,Device,Elbow_Flexion,DeltPost,0.000274589390003131
27,RABA_ses1,Device,Pointing_Task,Bicep,0.000197779534964868
27,RABA_ses1,Device,Pointing_Task,Tricep,0.000153391177575583
27,RABA_ses1,Device,Pointing_Task,DeltAnt,0.000384958263078005
27,RABA_ses1,Device,Pointing_Task,DeltPost,0.000209788442092768
28,RABA_ses1,Device,HFT_Large_Light_Objects,Bicep,0.00128029861361996
28,RABA_ses1,Device,HFT_Large_Light_Objects,Tricep,0.000533475033861895
28,RABA_ses1,Device,HFT_Large_Light_Objects,DeltAnt,0.00197635315964519
28,RABA_ses1,Device,HFT_Large_Light_Objects,DeltPost,0.000901573804036567
29,RABA_ses1,Device,Switch_Joystick_and_Grid_Game,Bicep,0.000501012917460473
29,RABA_ses1,Device,Switch_Joystick_and_Grid_Game,Tricep,3.40424730934707e-05
29,RABA_ses1,Device,Switch_Joystick_and_Grid_Game,DeltAnt,0.000195169280703934
29,RABA_ses1,Device,Switch_Joystick_and_Grid_Game,DeltPost,0.00183781859982765
31,RABA_ses1,Baseline,JAMAR_Palmar_Grip,Bicep,0.000733866114289223
31,RABA_ses1,Baseline,JAMAR_Palmar_Grip,Tricep,0.000271313122108573
31,RABA_ses1,Baseline,JAMAR_Palmar_Grip,DeltAnt,0.00031234782156577
31,RABA_ses1,Baseline,JAMAR_Palmar_Grip,DeltPost,0.000507308929239844
32,RABA_ses1,Baseline,HFT_Feeding_task,Bicep,0.00145532413567999
32,RABA_ses1,Baseline,HFT_Feeding_task,Tricep,0.000123693213473618
32,RABA_ses1,Baseline,HFT_Feeding_task,DeltAnt,0.00172007877172336
32,RABA_ses1,Baseline,HFT_Feeding_task,DeltPost,0.000574365539618116
33,RABA_ses1,Baseline,Box_and_Blocs_Test,Bicep,0.00136687075315954
33,RABA_ses1,Baseline,Box_and_Blocs_Test,Tricep,0.000251687299183134
33,RABA_ses1,Baseline,Box_and_Blocs_Test,DeltAnt,0.000845338392946363
33,RABA_ses1,Baseline,Box_and_Blocs_Test,DeltPost,0.00192628139613911
35,RABA_ses1,Device,Rest,Bicep,2.90132796692144e-06
35,RABA_ses1,Device,Rest,Tricep,2.34288145495569e-05
35,RABA_ses1,Device,Rest,DeltAnt,2.47675523292258e-06
35,RABA_ses1,Device,Rest,DeltPost,1.38135120569015e-06
36,RABA_ses1,Device,Shoulder_Flexion,Bicep,0.00029658260459406
36,RABA_ses1,Device,Shoulder_Flexion,Tricep,0.000148383146965343
36,RABA_ses1,Device,Shoulder_Flexion,DeltAnt,0.00356288465079032
36,RABA_ses1,Device,Shoulder_Flexion,DeltPost,0.000905980893138643
37,RABA_ses1,Device,Elbow_Flexion,Bicep,0.00040062372703935
37,RABA_ses1,Device,Elbow_Flexion,Tricep,8.59528253803045e-06
37,RABA_ses1,Device,Elbow_Flexion,DeltAnt,0.000585955444502903
37,RABA_ses1,Device,Elbow_Flexion,DeltPost,5.30161034799251e-05
38,RABA_ses1,Device,Pointing_Task,Bicep,0.000114037792186168
38,RABA_ses1,Device,Pointing_Task,Tricep,4.4809699259448e-05
38,RABA_ses1,Device,Pointing_Task,DeltAnt,0.000303310287112647
38,RABA_ses1,Device,Pointing_Task,DeltPost,0.000193344889662086
39,RABA_ses1,Device,HFT_Large_Light_Objects,Bicep,0.000192178044085547
39,RABA_ses1,Device,HFT_Large_Light_Objects,Tricep,0.000622531738273007
39,RABA_ses1,Device,HFT_Large_Light_Objects,DeltAnt,0.000764864438100975
39,RABA_ses1,Device,HFT_Large_Light_Objects,DeltPost,0.000492322253235632
40,RABA_ses1,Device,Switch_Joystick_and_Grid_Game,Bicep,0.000366578565766214
40,RABA_ses1,Device,Switch_Joystick_and_Grid_Game,Tricep,6.1464595185003e-05
40,RABA_ses1,Device,Switch_Joystick_and_Grid_Game,DeltAnt,0.000191401251664969
40,RABA_ses1,Device,Switch_Joystick_and_Grid_Game,DeltPost,0.00103255330527403
41,RABA_ses1,Device,JAMAR_Palmar_Grip,Bicep,0.000694040670636576
41,RABA_ses1,Device,JAMAR_Palmar_Grip,Tricep,0.00026282522720123
41,RABA_ses1,Device,JAMAR_Palmar_Grip,DeltAnt,0.00042038277639646
41,RABA_ses1,Device,JAMAR_Palmar_Grip,DeltPost,0.000546028303303807
42,RABA_ses1,Device,HFT_Feeding_task,Bicep,0.00126930452024908
42,RABA_ses1,Device,HFT_Feeding_task,Tricep,0.000681453731732207
42,RABA_ses1,Device,HFT_Feeding_task,DeltAnt,0.00156454221762479
42,RABA_ses1,Device,HFT_Feeding_task,DeltPost,0.000340283804951546
43,RABA_ses1,Device,Box_and_Blocs_Test,Bicep,0.00121280366000468
43,RABA_ses1,Device,Box_and_Blocs_Test,Tricep,0.0013767093593285
43,RABA_ses1,Device,Box_and_Blocs_Test,DeltAnt,0.000366169454304652
43,RABA_ses1,Device,Box_and_Blocs_Test,DeltPost,0.00214727281980265
3,GUEA_ses2,Device,Rest,Bicep,3.09849458581682e-06
3,GUEA_ses2,Device,Rest,Tricep,6.81342230565769e-07
3,GUEA_ses2,Device,Rest,DeltAnt,1.18800327037569e-06
3,GUEA_ses2,Device,Rest,DeltPost,3.79279419830773e-07
4,GUEA_ses2,Baseline,Shoulder_Flexion,Bicep,0.00117107520531829
4,GUEA_ses2,Baseline,Shoulder_Flexion,Tricep,2.40095588083887e-05
4,GUEA_ses2,Baseline,Shoulder_Flexion,DeltAnt,0.000281174080373131
4,GUEA_ses2,Baseline,Shoulder_Flexion,DeltPost,7.29643204327684e-05
5,GUEA_ses2,Baseline,Elbow_Flexion,Bicep,0.000948764724973517
5,GUEA_ses2,Baseline,Elbow_Flexion,Tricep,2.60102421873133e-05
5,GUEA_ses2,Baseline,Elbow_Flexion,DeltAnt,0.000617486640328569
5,GUEA_ses2,Baseline,Elbow_Flexion,DeltPost,1.27449366672866e-05
6,GUEA_ses2,Baseline,Pointing_Task,Bicep,0.000118895602099782
6,GUEA_ses2,Baseline,Pointing_Task,Tricep,3.06492400009349e-05
6,GUEA_ses2,Baseline,Pointing_Task,DeltAnt,0.00237738802492251
6,GUEA_ses2,Baseline,Pointing_Task,DeltPost,9.91951743941351e-05
7,GUEA_ses2,Baseline,HFT_Large_Light_Objects,Bicep,0.000615513908308684
7,GUEA_ses2,Baseline,HFT_Large_Light_Objects,Tricep,0.000105431758888144
7,GUEA_ses2,Baseline,HFT_Large_Light_Objects,DeltAnt,0.000626982049677789
7,GUEA_ses2,Baseline,HFT_Large_Light_Objects,DeltPost,9.52017899861796e-05
8,GUEA_ses2,Baseline,Switch_Joystick_and_Grid_Game,Bicep,2.07852787807462e-05
8,GUEA_ses2,Baseline,Switch_Joystick_and_Grid_Game,Tricep,2.9639691835337e-05
8,GUEA_ses2,Baseline,Switch_Joystick_and_Grid_Game,DeltAnt,0.000129222984460142
8,GUEA_ses2,Baseline,Switch_Joystick_and_Grid_Game,DeltPost,0.000368527595131776
10,GUEA_ses2,Baseline,HFT_Feeding_task,Bicep,0.00112161390764267
10,GUEA_ses2,Baseline,HFT_Feeding_task,Tricep,0.000134033373267914
10,GUEA_ses2,Baseline,HFT_Feeding_task,DeltAnt,0.0022459792630949
10,GUEA_ses2,Baseline,HFT_Feeding_task,DeltPost,0.000120570485735894
11,GUEA_ses2,Baseline,Box_and_Blocs_Test,Bicep,0.00158528622896992
11,GUEA_ses2,Baseline,Box_and_Blocs_Test,Tricep,0.000135358833403806
11,GUEA_ses2,Baseline,Box_and_Blocs_Test,DeltAnt,0.00158967439161032
11,GUEA_ses2,Baseline,Box_and_Blocs_Test,DeltPost,0.00102373328634061
9,GUEA_ses2,Baseline,JAMAR_Palmar_Grip,Bicep,0.000640794283593206
9,GUEA_ses2,Baseline,JAMAR_Palmar_Grip,Tricep,0.000762678192706508
9,GUEA_ses2,Baseline,JAMAR_Palmar_Grip,DeltAnt,0.000317597565622014
9,GUEA_ses2,Baseline,JAMAR_Palmar_Grip,DeltPost,0.000155315996370406
13,GUEA_ses2,Device,Rest,Bicep,8.56529892850765e-07
13,GUEA_ses2,Device,Rest,Tricep,4.39481380081204e-07
13,GUEA_ses2,Device,Rest,DeltAnt,2.76080484518349e-06
13,GUEA_ses2,Device,Rest,DeltPost,1.80790289557809e-06
14,GUEA_ses2,Device,Shoulder_Flexion,Bicep,0.000447706100176621
14,GUEA_ses2,Device,Shoulder_Flexion,Tricep,5.46237994032344e-05
14,GUEA_ses2,Device,Shoulder_Flexion,DeltAnt,0.000102422134478316
14,GUEA_ses2,Device,Shoulder_Flexion,DeltPost,0.00015690080202985
15,GUEA_ses2,Device,Elbow_Flexion,Bicep,2.7799389616464e-05
15,GUEA_ses2,Device,Elbow_Flexion,Tricep,9.03310490434367e-06
15,GUEA_ses2,Device,Elbow_Flexion,DeltAnt,0.000508253351277681
15,GUEA_ses2,Device,Elbow_Flexion,DeltPost,2.54847314424175e-05
17,GUEA_ses2,Baseline,Pointing_Task,Bicep,0.000301321636484286
17,GUEA_ses2,Baseline,Pointing_Task,Tricep,4.4900721184878e-05
17,GUEA_ses2,Baseline,Pointing_Task,DeltAnt,0.00253154522623136
17,GUEA_ses2,Baseline,Pointing_Task,DeltPost,0.00023868463841171
18,GUEA_ses2,Baseline,HFT_Large_Light_Objects,Bicep,0.000783956665650975
18,GUEA_ses2,Baseline,HFT_Large_Light_Objects,Tricep,3.06832532987e-05
18,GUEA_ses2,Baseline,HFT_Large_Light_Objects,DeltAnt,0.00147404324735958
18,GUEA_ses2,Baseline,HFT_Large_Light_Objects,DeltPost,0.000195321656748148
19,GUEA_ses2,Baseline,Switch_Joystick_and_Grid_Game,Bicep,0.000107409087603635
19,GUEA_ses2,Baseline,Switch_Joystick_and_Grid_Game,Tricep,2.99542412078891e-05
19,GUEA_ses2,Baseline,Switch_Joystick_and_Grid_Game,DeltAnt,0.000296642802307159
19,GUEA_ses2,Baseline,Switch_Joystick_and_Grid_Game,DeltPost,0.000366590232897251
20,GUEA_ses2,Baseline,JAMAR_Palmar_Grip,Bicep,0.000369590812798728
20,GUEA_ses2,Baseline,JAMAR_Palmar_Grip,Tricep,0.000652794282504582
20,GUEA_ses2,Baseline,JAMAR_Palmar_Grip,DeltAnt,0.000883943211693274
20,GUEA_ses2,Baseline,JAMAR_Palmar_Grip,DeltPost,0.000147632633387541
21,GUEA_ses2,Baseline,HFT_Feeding_task,Bicep,0.000966733051313181
21,GUEA_ses2,Baseline,HFT_Feeding_task,Tricep,0.000117958574567882
21,GUEA_ses2,Baseline,HFT_Feeding_task,DeltAnt,0.00189526227067767
21,GUEA_ses2,Baseline,HFT_Feeding_task,DeltPost,0.000121897870767952
22,GUEA_ses2,Baseline,Box_and_Blocs_Test,Bicep,0.00190391802303153
22,GUEA_ses2,Baseline,Box_and_Blocs_Test,Tricep,0.000130897376116842
22,GUEA_ses2,Baseline,Box_and_Blocs_Test,DeltAnt,0.00145088332859209
22,GUEA_ses2,Baseline,Box_and_Blocs_Test,DeltPost,0.000823580456676815
24,GUEA_ses2,Device,Rest,Bicep,3.1911107835369e-06
24,GUEA_ses2,Device,Rest,Tricep,1.849353445353e-06
24,GUEA_ses2,Device,Rest,DeltAnt,1.96903070043588e-06
24,GUEA_ses2,Device,Rest,DeltPost,4.11635632971286e-07
25,GUEA_ses2,Device,Shoulder_Flexion,Bicep,0.000417460651300229
25,GUEA_ses2,Device,Shoulder_Flexion,Tricep,4.58411563423359e-05
25,GUEA_ses2,Device,Shoulder_Flexion,DeltAnt,0.00180257273032149
25,GUEA_ses2,Device,Shoulder_Flexion,DeltPost,7.16685072504553e-05
26,GUEA_ses2,Device,Elbow_Flexion,Bicep,0.000348279535218381
26,GUEA_ses2,Device,Elbow_Flexion,Tricep,1.28367182346109e-05
26,GUEA_ses2,Device,Elbow_Flexion,DeltAnt,0.00292572720666523
26,GUEA_ses2,Device,Elbow_Flexion,DeltPost,3.65332817191746e-05
27,GUEA_ses2,Device,Pointing_Task,Bicep,3.94359600817823e-05
27,GUEA_ses2,Device,Pointing_Task,Tricep,1.6349071714113e-05
27,GUEA_ses2,Device,Pointing_Task,DeltAnt,0.00103507137999959
27,GUEA_ses2,Device,Pointing_Task,DeltPost,0.000158256570417544
28,GUEA_ses2,Device,HFT_Large_Light_Objects,Bicep,0.000505988694062808
28,GUEA_ses2,Device,HFT_Large_Light_Objects,Tricep,4.79147764525238e-05
28,GUEA_ses2,Device,HFT_Large_Light_Objects,DeltAnt,0.00297405734681086
28,GUEA_ses2,Device,HFT_Large_Light_Objects,DeltPost,0.000242494429839396
29,GUEA_ses2,Device,Switch_Joystick_and_Grid_Game,Bicep,4.67088831349341e-05
29,GUEA_ses2,Device,Switch_Joystick_and_Grid_Game,Tricep,2.71682698612842e-05
29,GUEA_ses2,Device,Switch_Joystick_and_Grid_Game,DeltAnt,3.29486324934159e-06
29,GUEA_ses2,Device,Switch_Joystick_and_Grid_Game,DeltPost,0.000218244101477594
31,GUEA_ses2,Baseline,JAMAR_Palmar_Grip,Bicep,0.000468258793102328
31,GUEA_ses2,Baseline,JAMAR_Palmar_Grip,Tricep,0.00105890241066898
31,GUEA_ses2,Baseline,JAMAR_Palmar_Grip,DeltAnt,0.000542508745266706
31,GUEA_ses2,Baseline,JAMAR_Palmar_Grip,DeltPost,0.000149782083118616
32,GUEA_ses2,Baseline,HFT_Feeding_task,Bicep,0.00102451988703188
32,GUEA_ses2,Baseline,HFT_Feeding_task,Tricep,0.000150968047685089
32,GUEA_ses2,Baseline,HFT_Feeding_task,DeltAnt,0.00172988625130157
32,GUEA_ses2,Baseline,HFT_Feeding_task,DeltPost,0.000154200283168506
33,GUEA_ses2,Baseline,Box_and_Blocs_Test,Bicep,0.0016734853646657
33,GUEA_ses2,Baseline,Box_and_Blocs_Test,Tricep,0.000154719994731558
33,GUEA_ses2,Baseline,Box_and_Blocs_Test,DeltAnt,0.00135344008792046
33,GUEA_ses2,Baseline,Box_and_Blocs_Test,DeltPost,0.000776306133755034
35,GUEA_ses2,Device,Rest,Bicep,2.62529671236954e-06
35,GUEA_ses2,Device,Rest,Tricep,5.44013684745513e-06
35,GUEA_ses2,Device,Rest,DeltAnt,1.06336295591778e-05
35,GUEA_ses2,Device,Rest,DeltPost,8.34658739807778e-08
36,GUEA_ses2,Device,Shoulder_Flexion,Bicep,0.000121658161010322
36,GUEA_ses2,Device,Shoulder_Flexion,Tricep,6.46189273330064e-05
36,GUEA_ses2,Device,Shoulder_Flexion,DeltAnt,0.00123385578684818
36,GUEA_ses2,Device,Shoulder_Flexion,DeltPost,0.000153497364770719
37,GUEA_ses2,Device,Elbow_Flexion,Bicep,4.16033460603301e-05
37,GUEA_ses2,Device,Elbow_Flexion,Tricep,2.1894663721625e-05
37,GUEA_ses2,Device,Elbow_Flexion,DeltAnt,0.000200496204807343
37,GUEA_ses2,Device,Elbow_Flexion,DeltPost,1.13564159630076e-05
38,GUEA_ses2,Device,Pointing_Task,Bicep,0.000218865795187295
38,GUEA_ses2,Device,Pointing_Task,Tricep,1.6089418461286e-05
38,GUEA_ses2,Device,Pointing_Task,DeltAnt,0.00127720405809845
38,GUEA_ses2,Device,Pointing_Task,DeltPost,0.000139424482737422
39,GUEA_ses2,Device,HFT_Large_Light_Objects,Bicep,0.000569230560344225
39,GUEA_ses2,Device,HFT_Large_Light_Objects,Tricep,0.000116669637031413
39,GUEA_ses2,Device,HFT_Large_Light_Objects,DeltAnt,0.0027229633406696
39,GUEA_ses2,Device,HFT_Large_Light_Objects,DeltPost,0.000202564712211264
40,GUEA_ses2,Device,Switch_Joystick_and_Grid_Game,Bicep,0.000128325519248496
40,GUEA_ses2,Device,Switch_Joystick_and_Grid_Game,Tricep,2.11696781338475e-05
40,GUEA_ses2,Device,Switch_Joystick_and_Grid_Game,DeltAnt,2.46504079245957e-05
40,GUEA_ses2,Device,Switch_Joystick_and_Grid_Game,DeltPost,0.000259552285294788
41,GUEA_ses2,Device,JAMAR_Palmar_Grip,Bicep,2.16627339994189e-06
41,GUEA_ses2,Device,JAMAR_Palmar_Grip,Tricep,4.68132691819922e-06
41,GUEA_ses2,Device,JAMAR_Palmar_Grip,DeltAnt,0.000545660475192664
41,GUEA_ses2,Device,JAMAR_Palmar_Grip,DeltPost,2.82256401791808e-06
42,GUEA_ses2,Device,HFT_Feeding_task,Bicep,0.0010100088674375
42,GUEA_ses2,Device,HFT_Feeding_task,Tricep,8.03401731955221e-05
42,GUEA_ses2,Device,HFT_Feeding_task,DeltAnt,1.51991940934628e-06
42,GUEA_ses2,Device,HFT_Feeding_task,DeltPost,0.000765024517291913
43,GUEA_ses2,Device,Box_and_Blocs_Test,Bicep,0.0013747204470941
43,GUEA_ses2,Device,Box_and_Blocs_Test,Tricep,0.00015414360676753
43,GUEA_ses2,Device,Box_and_Blocs_Test,DeltAnt,1.21195983852796e-05
43,GUEA_ses2,Device,Box_and_Blocs_Test,DeltPost,0.00194456765117694
